ID,X,Y,WIDTH,HEIGHT,TARGET
no_fractured_778,,,,,0
no_fractured_616,,,,,0
fractured_102,104,99,14,15,1
no_fractured_41,,,,,0
fractured_59,161,111,34,28,1
no_fractured_395,,,,,0
fractured_324,66,41,7,8,1
no_fractured_659,,,,,0
no_fractured_13,,,,,0
no_fractured_460,,,,,0
no_fractured_420,,,,,0
fractured_45,9,23,4,5,1
fractured_50,16,101,18,14,1
no_fractured_449,,,,,0
fractured_171,49,97,21,19,1
no_fractured_125,,,,,0
no_fractured_366,,,,,0
no_fractured_424,,,,,0
no_fractured_25,,,,,0
fractured_381,46,46,27,39,1
no_fractured_211,,,,,0
no_fractured_278,,,,,0
fractured_345,38,36,18,31,1
fractured_110,192,310,57,46,1
fractured_278,173,129,26,17,1
no_fractured_279,,,,,0
no_fractured_172,,,,,0
fractured_359,108,74,31,69,1
no_fractured_200,,,,,0
fractured_391,363,745,244,395,1
no_fractured_681,,,,,0
no_fractured_294,,,,,0
no_fractured_329,,,,,0
fractured_363,59,64,11,15,1
no_fractured_198,,,,,0
no_fractured_29,,,,,0
fractured_71,310,366,45,49,1
no_fractured_254,,,,,0
no_fractured_665,,,,,0
fractured_108,115,127,12,10,1
no_fractured_617,,,,,0
fractured_356,122,102,61,76,1
no_fractured_477,,,,,0
fractured_343,45,55,14,28,1
fractured_24,156,56,25,20,1
fractured_44,100,129,23,22,1
fractured_44,67,123,22,22,1
fractured_244,106,204,32,37,1
fractured_244,73,210,24,33,1
no_fractured_339,,,,,0
no_fractured_735,,,,,0
fractured_368,50,57,21,16,1
no_fractured_470,,,,,0
fractured_333,56,44,10,11,1
no_fractured_588,,,,,0
no_fractured_575,,,,,0
no_fractured_545,,,,,0
fractured_378,34,44,18,26,1
fractured_310,1050,1104,409,398,1
fractured_156,403,154,31,38,1
fractured_156,71,171,58,40,1
fractured_211,87,61,64,48,1
fractured_87,53,75,17,22,1
fractured_169,5,13,9,10,1
no_fractured_364,,,,,0
fractured_52,97,162,44,35,1
no_fractured_40,,,,,0
no_fractured_151,,,,,0
no_fractured_92,,,,,0
no_fractured_27,,,,,0
fractured_136,94,93,30,17,1
no_fractured_791,,,,,0
fractured_55,153,112,29,26,1
fractured_79,97,84,32,29,1
no_fractured_32,,,,,0
fractured_185,123,263,41,38,1
fractured_57,62,129,39,37,1
fractured_57,33,143,28,37,1
no_fractured_542,,,,,0
no_fractured_450,,,,,0
no_fractured_763,,,,,0
fractured_219,119,183,32,40,1
no_fractured_444,,,,,0
fractured_114,72,133,21,19,1
fractured_114,96,103,21,19,1
no_fractured_150,,,,,0
no_fractured_797,,,,,0
no_fractured_672,,,,,0
fractured_175,110,119,33,30,1
no_fractured_677,,,,,0
no_fractured_217,,,,,0
no_fractured_115,,,,,0
no_fractured_63,,,,,0
fractured_287,210,130,33,17,1
fractured_382,47,51,7,11,1
no_fractured_471,,,,,0
no_fractured_272,,,,,0
no_fractured_136,,,,,0
no_fractured_509,,,,,0
fractured_293,159,139,26,24,1
fractured_124,91,164,27,25,1
no_fractured_184,,,,,0
fractured_141,39,123,33,19,1
no_fractured_337,,,,,0
fractured_82,13,11,8,11,1
no_fractured_481,,,,,0
no_fractured_656,,,,,0
no_fractured_508,,,,,0
no_fractured_431,,,,,0
no_fractured_536,,,,,0
fractured_372,46,38,10,11,1
no_fractured_489,,,,,0
fractured_157,21,27,17,13,1
no_fractured_598,,,,,0
no_fractured_223,,,,,0
no_fractured_367,,,,,0
fractured_245,70,142,19,22,1
fractured_245,94,130,32,37,1
fractured_159,105,98,32,32,1
no_fractured_347,,,,,0
fractured_193,51,76,25,23,1
no_fractured_135,,,,,0
no_fractured_415,,,,,0
no_fractured_513,,,,,0
no_fractured_669,,,,,0
no_fractured_15,,,,,0
no_fractured_786,,,,,0
fractured_328,56,63,7,12,1
fractured_129,43,191,11,13,1
no_fractured_296,,,,,0
no_fractured_232,,,,,0
fractured_275,3,119,22,30,1
no_fractured_747,,,,,0
fractured_309,943,748,385,400,1
fractured_234,102,132,32,28,1
no_fractured_647,,,,,0
no_fractured_224,,,,,0
no_fractured_245,,,,,0
no_fractured_80,,,,,0
no_fractured_73,,,,,0
no_fractured_525,,,,,0
no_fractured_404,,,,,0
no_fractured_228,,,,,0
fractured_395,228,110,96,100,1
no_fractured_238,,,,,0
no_fractured_637,,,,,0
no_fractured_134,,,,,0
no_fractured_319,,,,,0
no_fractured_199,,,,,0
no_fractured_83,,,,,0
no_fractured_529,,,,,0
fractured_315,1073,990,215,213,1
no_fractured_330,,,,,0
fractured_210,63,64,62,44,1
no_fractured_744,,,,,0
no_fractured_35,,,,,0
fractured_329,33,33,14,14,1
fractured_261,95,120,33,36,1
no_fractured_716,,,,,0
fractured_307,937,738,432,424,1
no_fractured_528,,,,,0
no_fractured_527,,,,,0
no_fractured_603,,,,,0
fractured_271,99,110,40,37,1
fractured_291,164,91,34,20,1
no_fractured_451,,,,,0
fractured_97,18,136,24,21,1
no_fractured_487,,,,,0
no_fractured_418,,,,,0
fractured_32,88,83,12,16,1
fractured_32,64,63,24,17,1
no_fractured_561,,,,,0
fractured_299,1200,1375,184,239,1
fractured_200,143,130,72,47,1
no_fractured_162,,,,,0
fractured_179,96,125,36,24,1
no_fractured_742,,,,,0
fractured_89,14,101,23,15,1
no_fractured_387,,,,,0
no_fractured_326,,,,,0
no_fractured_438,,,,,0
fractured_209,72,60,63,44,1
no_fractured_639,,,,,0
fractured_297,422,404,57,127,1
no_fractured_736,,,,,0
no_fractured_99,,,,,0
no_fractured_434,,,,,0
no_fractured_31,,,,,0
no_fractured_108,,,,,0
no_fractured_504,,,,,0
no_fractured_295,,,,,0
fractured_11,6,36,8,11,1
no_fractured_447,,,,,0
no_fractured_64,,,,,0
fractured_199,125,65,45,32,1
fractured_60,264,298,39,31,1
no_fractured_506,,,,,0
no_fractured_596,,,,,0
fractured_276,210,118,32,17,1
no_fractured_478,,,,,0
no_fractured_259,,,,,0
no_fractured_624,,,,,0
no_fractured_634,,,,,0
fractured_221,81,109,22,22,1
no_fractured_313,,,,,0
no_fractured_315,,,,,0
no_fractured_712,,,,,0
no_fractured_723,,,,,0
no_fractured_389,,,,,0
no_fractured_17,,,,,0
no_fractured_587,,,,,0
fractured_266,94,112,35,37,1
no_fractured_233,,,,,0
fractured_248,114,128,29,28,1
fractured_248,96,154,20,22,1
no_fractured_284,,,,,0
no_fractured_160,,,,,0
no_fractured_595,,,,,0
no_fractured_567,,,,,0
no_fractured_496,,,,,0
no_fractured_584,,,,,0
fractured_295,21,59,29,44,1
no_fractured_121,,,,,0
no_fractured_787,,,,,0
fractured_84,86,108,30,26,1
fractured_232,63,98,22,23,1
no_fractured_222,,,,,0
fractured_334,58,36,11,32,1
fractured_130,92,91,36,16,1
no_fractured_495,,,,,0
no_fractured_246,,,,,0
no_fractured_573,,,,,0
fractured_383,36,42,13,23,1
no_fractured_467,,,,,0
no_fractured_144,,,,,0
no_fractured_793,,,,,0
no_fractured_474,,,,,0
fractured_332,54,49,14,12,1
no_fractured_11,,,,,0
fractured_77,94,150,29,33,1
fractured_139,108,142,36,34,1
no_fractured_145,,,,,0
no_fractured_275,,,,,0
no_fractured_520,,,,,0
fractured_64,188,131,19,28,1
fractured_142,3,17,10,8,1
no_fractured_318,,,,,0
fractured_377,52,41,7,11,1
fractured_364,39,22,27,39,1
fractured_140,5,11,9,13,1
no_fractured_526,,,,,0
no_fractured_435,,,,,0
fractured_225,44,43,26,16,1
no_fractured_116,,,,,0
fractured_267,94,110,35,37,1
no_fractured_769,,,,,0
no_fractured_88,,,,,0
no_fractured_379,,,,,0
no_fractured_219,,,,,0
no_fractured_522,,,,,0
no_fractured_155,,,,,0
no_fractured_177,,,,,0
no_fractured_514,,,,,0
no_fractured_67,,,,,0
no_fractured_192,,,,,0
no_fractured_594,,,,,0
no_fractured_236,,,,,0
no_fractured_641,,,,,0
fractured_290,156,71,34,20,1
fractured_40,89,95,39,28,1
fractured_31,103,38,18,16,1
fractured_31,62,36,39,36,1
no_fractured_30,,,,,0
fractured_137,95,93,26,16,1
no_fractured_572,,,,,0
no_fractured_464,,,,,0
fractured_4,33,135,28,42,1
no_fractured_432,,,,,0
no_fractured_204,,,,,0
no_fractured_633,,,,,0
no_fractured_256,,,,,0
no_fractured_503,,,,,0
no_fractured_410,,,,,0
no_fractured_700,,,,,0
no_fractured_44,,,,,0
no_fractured_645,,,,,0
no_fractured_37,,,,,0
no_fractured_751,,,,,0
fractured_101,108,102,14,15,1
no_fractured_373,,,,,0
no_fractured_96,,,,,0
no_fractured_745,,,,,0
no_fractured_796,,,,,0
no_fractured_741,,,,,0
no_fractured_359,,,,,0
no_fractured_586,,,,,0
fractured_228,73,135,17,21,1
no_fractured_777,,,,,0
no_fractured_524,,,,,0
fractured_67,164,95,37,35,1
fractured_68,86,161,30,40,1
no_fractured_416,,,,,0
fractured_212,119,72,49,62,1
fractured_13,71,28,36,35,1
fractured_13,121,7,35,48,1
no_fractured_95,,,,,0
no_fractured_764,,,,,0
fractured_300,665,1052,206,161,1
no_fractured_12,,,,,0
no_fractured_357,,,,,0
no_fractured_674,,,,,0
no_fractured_297,,,,,0
no_fractured_750,,,,,0
no_fractured_325,,,,,0
no_fractured_615,,,,,0
no_fractured_129,,,,,0
no_fractured_201,,,,,0
no_fractured_719,,,,,0
no_fractured_168,,,,,0
no_fractured_332,,,,,0
no_fractured_566,,,,,0
no_fractured_7,,,,,0
fractured_3,6,22,10,12,1
fractured_3,28,23,7,10,1
fractured_7,94,89,43,48,1
fractured_312,1153,1673,183,444,1
no_fractured_628,,,,,0
no_fractured_53,,,,,0
no_fractured_323,,,,,0
fractured_216,146,117,56,62,1
no_fractured_469,,,,,0
fractured_28,36,46,11,9,1
no_fractured_757,,,,,0
fractured_362,41,36,17,17,1
no_fractured_422,,,,,0
no_fractured_703,,,,,0
no_fractured_230,,,,,0
no_fractured_55,,,,,0
no_fractured_340,,,,,0
no_fractured_137,,,,,0
no_fractured_649,,,,,0
fractured_399,102,119,32,40,1
fractured_257,112,108,40,33,1
fractured_292,156,69,38,24,1
fractured_26,68,51,22,17,1
fractured_337,90,300,86,108,1
no_fractured_186,,,,,0
fractured_48,163,136,28,30,1
fractured_107,118,124,12,10,1
no_fractured_398,,,,,0
fractured_56,100,43,32,26,1
no_fractured_124,,,,,0
fractured_214,88,48,23,32,1
fractured_214,45,21,40,44,1
fractured_121,202,200,32,40,1
no_fractured_611,,,,,0
no_fractured_667,,,,,0
no_fractured_717,,,,,0
fractured_73,124,131,22,25,1
no_fractured_720,,,,,0
no_fractured_348,,,,,0
no_fractured_317,,,,,0
no_fractured_159,,,,,0
no_fractured_385,,,,,0
no_fractured_154,,,,,0
no_fractured_163,,,,,0
no_fractured_26,,,,,0
no_fractured_613,,,,,0
fractured_326,34,36,15,10,1
no_fractured_523,,,,,0
fractured_317,1295,774,199,255,1
no_fractured_403,,,,,0
no_fractured_427,,,,,0
no_fractured_130,,,,,0
no_fractured_436,,,,,0
no_fractured_316,,,,,0
no_fractured_500,,,,,0
fractured_61,32,78,51,37,1
no_fractured_324,,,,,0
no_fractured_457,,,,,0
no_fractured_220,,,,,0
fractured_281,180,101,23,18,1
no_fractured_22,,,,,0
fractured_360,96,39,8,13,1
no_fractured_24,,,,,0
no_fractured_280,,,,,0
no_fractured_128,,,,,0
no_fractured_79,,,,,0
no_fractured_694,,,,,0
fractured_183,84,120,29,34,1
no_fractured_691,,,,,0
no_fractured_34,,,,,0
fractured_111,167,184,14,12,1
fractured_371,47,36,12,19,1
fractured_240,83,129,31,28,1
no_fractured_310,,,,,0
no_fractured_231,,,,,0
no_fractured_195,,,,,0
no_fractured_87,,,,,0
no_fractured_302,,,,,0
fractured_262,113,108,39,36,1
no_fractured_81,,,,,0
no_fractured_251,,,,,0
fractured_340,41,24,5,6,1
no_fractured_270,,,,,0
no_fractured_153,,,,,0
no_fractured_60,,,,,0
fractured_184,123,102,29,30,1
fractured_138,20,18,3,4,1
no_fractured_760,,,,,0
no_fractured_308,,,,,0
no_fractured_183,,,,,0
fractured_81,70,75,21,24,1
no_fractured_369,,,,,0
no_fractured_392,,,,,0
no_fractured_362,,,,,0
fractured_30,138,49,38,27,1
fractured_30,163,82,20,14,1
no_fractured_143,,,,,0
fractured_249,47,96,23,23,1
fractured_249,70,116,29,28,1
fractured_308,1101,1091,360,382,1
no_fractured_49,,,,,0
fractured_347,17,45,25,28,1
fractured_335,40,37,14,31,1
no_fractured_549,,,,,0
fractured_98,201,118,20,33,1
no_fractured_69,,,,,0
no_fractured_636,,,,,0
no_fractured_512,,,,,0
no_fractured_356,,,,,0
no_fractured_544,,,,,0
no_fractured_215,,,,,0
no_fractured_425,,,,,0
no_fractured_358,,,,,0
no_fractured_290,,,,,0
fractured_66,265,301,36,36,1
no_fractured_463,,,,,0
no_fractured_345,,,,,0
no_fractured_169,,,,,0
no_fractured_683,,,,,0
no_fractured_698,,,,,0
fractured_303,60,26,16,16,1
fractured_255,103,118,40,33,1
no_fractured_558,,,,,0
no_fractured_702,,,,,0
fractured_313,1205,1225,261,210,1
no_fractured_131,,,,,0
fractured_222,58,121,22,22,1
fractured_236,82,130,31,28,1
no_fractured_409,,,,,0
no_fractured_84,,,,,0
no_fractured_314,,,,,0
fractured_306,1360,1035,397,371,1
no_fractured_710,,,,,0
no_fractured_689,,,,,0
no_fractured_516,,,,,0
no_fractured_738,,,,,0
fractured_250,41,192,54,92,1
no_fractured_445,,,,,0
no_fractured_196,,,,,0
fractured_72,70,125,25,25,1
fractured_95,83,188,24,21,1
no_fractured_147,,,,,0
fractured_34,124,27,28,24,1
fractured_34,72,27,36,38,1
no_fractured_180,,,,,0
no_fractured_50,,,,,0
no_fractured_47,,,,,0
fractured_260,88,118,33,36,1
fractured_205,99,86,86,91,1
no_fractured_174,,,,,0
no_fractured_601,,,,,0
no_fractured_187,,,,,0
fractured_366,48,44,7,10,1
no_fractured_411,,,,,0
fractured_78,138,45,17,27,1
fractured_85,80,94,33,32,1
no_fractured_140,,,,,0
fractured_83,71,92,14,17,1
no_fractured_59,,,,,0
no_fractured_737,,,,,0
no_fractured_216,,,,,0
no_fractured_405,,,,,0
no_fractured_675,,,,,0
no_fractured_338,,,,,0
no_fractured_38,,,,,0
no_fractured_156,,,,,0
no_fractured_679,,,,,0
no_fractured_671,,,,,0
fractured_351,32,44,10,15,1
fractured_197,152,70,35,29,1
no_fractured_66,,,,,0
no_fractured_190,,,,,0
fractured_6,14,91,45,49,1
fractured_311,1200,989,405,415,1
no_fractured_263,,,,,0
no_fractured_6,,,,,0
no_fractured_644,,,,,0
no_fractured_643,,,,,0
no_fractured_657,,,,,0
fractured_105,331,214,101,115,1
no_fractured_138,,,,,0
no_fractured_207,,,,,0
fractured_63,204,75,37,44,1
fractured_282,126,176,19,23,1
no_fractured_655,,,,,0
fractured_239,79,126,31,28,1
fractured_224,85,145,22,22,1
fractured_146,23,99,33,25,1
no_fractured_718,,,,,0
fractured_374,38,27,17,29,1
fractured_119,93,92,32,54,1
no_fractured_541,,,,,0
fractured_251,110,115,35,29,1
no_fractured_765,,,,,0
fractured_10,72,163,73,90,1
no_fractured_51,,,,,0
no_fractured_607,,,,,0
fractured_390,76,124,29,88,1
no_fractured_565,,,,,0
no_fractured_62,,,,,0
no_fractured_704,,,,,0
no_fractured_103,,,,,0
no_fractured_707,,,,,0
no_fractured_141,,,,,0
fractured_178,82,121,36,24,1
no_fractured_758,,,,,0
no_fractured_650,,,,,0
no_fractured_185,,,,,0
no_fractured_794,,,,,0
fractured_8,86,98,43,35,1
no_fractured_175,,,,,0
no_fractured_762,,,,,0
fractured_358,46,29,14,23,1
fractured_330,60,62,12,8,1
no_fractured_306,,,,,0
no_fractured_440,,,,,0
fractured_259,91,120,40,33,1
no_fractured_490,,,,,0
no_fractured_370,,,,,0
no_fractured_428,,,,,0
no_fractured_127,,,,,0
no_fractured_413,,,,,0
no_fractured_333,,,,,0
no_fractured_510,,,,,0
no_fractured_740,,,,,0
no_fractured_42,,,,,0
no_fractured_133,,,,,0
no_fractured_768,,,,,0
fractured_229,61,114,19,22,1
no_fractured_682,,,,,0
fractured_213,29,37,35,39,1
fractured_80,107,89,26,39,1
fractured_149,52,57,25,21,1
no_fractured_193,,,,,0
no_fractured_309,,,,,0
no_fractured_191,,,,,0
fractured_134,90,97,31,16,1
no_fractured_382,,,,,0
no_fractured_10,,,,,0
no_fractured_569,,,,,0
no_fractured_109,,,,,0
no_fractured_476,,,,,0
no_fractured_106,,,,,0
no_fractured_320,,,,,0
fractured_348,38,40,6,9,1
fractured_387,53,32,8,12,1
fractured_1,11,49,49,34,1
fractured_361,69,56,12,19,1
fractured_361,22,49,15,19,1
no_fractured_733,,,,,0
no_fractured_77,,,,,0
no_fractured_755,,,,,0
no_fractured_354,,,,,0
fractured_173,129,202,44,25,1
no_fractured_52,,,,,0
fractured_126,52,142,20,21,1
no_fractured_612,,,,,0
no_fractured_132,,,,,0
no_fractured_761,,,,,0
fractured_182,101,127,30,30,1
no_fractured_626,,,,,0
no_fractured_599,,,,,0
fractured_252,123,144,48,38,1
fractured_70,358,359,35,43,1
fractured_132,108,92,29,27,1
fractured_301,1121,1331,298,232,1
no_fractured_391,,,,,0
fractured_327,57,39,15,15,1
no_fractured_708,,,,,0
no_fractured_101,,,,,0
no_fractured_267,,,,,0
no_fractured_518,,,,,0
no_fractured_97,,,,,0
fractured_339,15,82,10,13,1
no_fractured_563,,,,,0
fractured_165,91,368,62,39,1
fractured_29,20,28,9,20,1
no_fractured_118,,,,,0
fractured_194,123,90,29,25,1
no_fractured_605,,,,,0
fractured_170,50,117,20,18,1
fractured_174,99,124,33,24,1
no_fractured_120,,,,,0
no_fractured_519,,,,,0
no_fractured_93,,,,,0
fractured_74,105,177,23,26,1
no_fractured_580,,,,,0
no_fractured_189,,,,,0
fractured_215,100,101,52,45,1
no_fractured_546,,,,,0
fractured_133,102,116,45,20,1
no_fractured_766,,,,,0
no_fractured_334,,,,,0
no_fractured_540,,,,,0
fractured_186,116,148,24,33,1
fractured_42,169,174,21,20,1
no_fractured_448,,,,,0
no_fractured_170,,,,,0
no_fractured_252,,,,,0
no_fractured_600,,,,,0
no_fractured_754,,,,,0
no_fractured_85,,,,,0
no_fractured_70,,,,,0
fractured_25,72,33,29,19,1
no_fractured_262,,,,,0
no_fractured_281,,,,,0
no_fractured_631,,,,,0
no_fractured_593,,,,,0
fractured_367,45,28,11,15,1
no_fractured_439,,,,,0
no_fractured_652,,,,,0
fractured_384,39,33,15,26,1
no_fractured_56,,,,,0
fractured_265,104,130,41,47,1
no_fractured_361,,,,,0
no_fractured_579,,,,,0
no_fractured_46,,,,,0
no_fractured_343,,,,,0
fractured_177,93,125,38,26,1
fractured_19,140,256,45,103,1
no_fractured_548,,,,,0
no_fractured_414,,,,,0
no_fractured_197,,,,,0
fractured_62,6,113,22,18,1
fractured_273,106,112,36,30,1
no_fractured_790,,,,,0
no_fractured_441,,,,,0
no_fractured_486,,,,,0
no_fractured_443,,,,,0
no_fractured_459,,,,,0
no_fractured_322,,,,,0
no_fractured_374,,,,,0
no_fractured_149,,,,,0
no_fractured_550,,,,,0
no_fractured_753,,,,,0
no_fractured_58,,,,,0
fractured_394,256,231,90,124,1
no_fractured_277,,,,,0
no_fractured_511,,,,,0
no_fractured_620,,,,,0
fractured_376,59,46,15,21,1
no_fractured_14,,,,,0
fractured_75,104,116,32,26,1
no_fractured_721,,,,,0
no_fractured_651,,,,,0
no_fractured_102,,,,,0
no_fractured_400,,,,,0
no_fractured_218,,,,,0
fractured_115,99,146,21,19,1
fractured_115,98,107,21,19,1
no_fractured_19,,,,,0
no_fractured_203,,,,,0
no_fractured_206,,,,,0
fractured_90,153,121,23,23,1
fractured_90,105,103,33,40,1
no_fractured_748,,,,,0
no_fractured_100,,,,,0
no_fractured_475,,,,,0
no_fractured_604,,,,,0
no_fractured_507,,,,,0
fractured_12,17,31,16,18,1
fractured_397,73,98,53,59,1
no_fractured_355,,,,,0
no_fractured_157,,,,,0
fractured_43,140,54,15,17,1
fractured_168,117,185,33,33,1
no_fractured_18,,,,,0
no_fractured_178,,,,,0
fractured_268,97,111,35,37,1
no_fractured_785,,,,,0
no_fractured_28,,,,,0
no_fractured_292,,,,,0
no_fractured_146,,,,,0
no_fractured_722,,,,,0
no_fractured_276,,,,,0
no_fractured_291,,,,,0
no_fractured_654,,,,,0
no_fractured_776,,,,,0
no_fractured_581,,,,,0
no_fractured_483,,,,,0
fractured_336,265,168,26,35,1
fractured_336,246,124,25,35,1
fractured_16,126,72,49,70,1
fractured_325,67,40,12,12,1
fractured_325,19,40,9,12,1
no_fractured_209,,,,,0
no_fractured_663,,,,,0
no_fractured_390,,,,,0
fractured_223,59,123,22,22,1
fractured_180,105,116,33,33,1
fractured_100,213,697,138,183,1
no_fractured_123,,,,,0
fractured_23,14,95,45,36,1
fractured_357,42,53,9,15,1
no_fractured_335,,,,,0
no_fractured_560,,,,,0
no_fractured_711,,,,,0
no_fractured_213,,,,,0
no_fractured_609,,,,,0
no_fractured_33,,,,,0
no_fractured_383,,,,,0
fractured_204,107,134,27,31,1
no_fractured_505,,,,,0
fractured_94,28,190,18,18,1
no_fractured_664,,,,,0
fractured_69,180,96,23,37,1
no_fractured_494,,,,,0
no_fractured_298,,,,,0
fractured_86,95,109,26,33,1
no_fractured_36,,,,,0
no_fractured_685,,,,,0
fractured_154,50,150,28,23,1
fractured_76,82,97,26,30,1
no_fractured_642,,,,,0
no_fractured_182,,,,,0
no_fractured_48,,,,,0
no_fractured_305,,,,,0
fractured_189,114,254,29,29,1
no_fractured_89,,,,,0
no_fractured_759,,,,,0
no_fractured_161,,,,,0
fractured_118,78,89,47,44,1
no_fractured_239,,,,,0
no_fractured_676,,,,,0
no_fractured_352,,,,,0
no_fractured_114,,,,,0
no_fractured_235,,,,,0
no_fractured_454,,,,,0
no_fractured_606,,,,,0
no_fractured_452,,,,,0
fractured_127,130,161,20,21,1
fractured_117,73,76,9,8,1
no_fractured_75,,,,,0
no_fractured_342,,,,,0
no_fractured_592,,,,,0
fractured_58,124,100,22,19,1
no_fractured_205,,,,,0
no_fractured_570,,,,,0
no_fractured_258,,,,,0
no_fractured_502,,,,,0
no_fractured_568,,,,,0
fractured_106,124,115,12,10,1
no_fractured_237,,,,,0
fractured_370,44,26,8,13,1
fractured_269,85,106,35,37,1
no_fractured_257,,,,,0
fractured_47,163,107,26,29,1
fractured_350,36,51,13,21,1
no_fractured_375,,,,,0
fractured_196,154,73,35,29,1
fractured_103,131,166,14,17,1
fractured_5,449,528,90,113,1
no_fractured_221,,,,,0
no_fractured_590,,,,,0
fractured_53,9,23,4,5,1
fractured_264,370,380,60,53,1
no_fractured_692,,,,,0
no_fractured_45,,,,,0
no_fractured_571,,,,,0
no_fractured_384,,,,,0
no_fractured_293,,,,,0
fractured_305,87,195,28,41,1
fractured_342,71,34,7,10,1
fractured_342,16,39,10,11,1
no_fractured_466,,,,,0
fractured_314,1207,1475,261,210,1
fractured_150,88,33,24,30,1
fractured_125,90,165,20,21,1
no_fractured_662,,,,,0
no_fractured_176,,,,,0
no_fractured_299,,,,,0
no_fractured_266,,,,,0
fractured_51,773,543,350,538,1
fractured_51,24,529,450,601,1
no_fractured_328,,,,,0
no_fractured_401,,,,,0
no_fractured_752,,,,,0
fractured_143,76,136,17,23,1
no_fractured_72,,,,,0
no_fractured_255,,,,,0
no_fractured_1,,,,,0
no_fractured_535,,,,,0
no_fractured_552,,,,,0
fractured_20,148,33,27,23,1
no_fractured_286,,,,,0
fractured_36,99,93,22,37,1
no_fractured_426,,,,,0
no_fractured_107,,,,,0
no_fractured_429,,,,,0
no_fractured_670,,,,,0
no_fractured_9,,,,,0
no_fractured_419,,,,,0
no_fractured_139,,,,,0
no_fractured_360,,,,,0
no_fractured_668,,,,,0
fractured_39,93,95,33,43,1
fractured_176,107,119,33,30,1
fractured_246,87,131,27,26,1
fractured_246,60,130,19,22,1
no_fractured_412,,,,,0
no_fractured_775,,,,,0
no_fractured_693,,,,,0
no_fractured_386,,,,,0
no_fractured_784,,,,,0
no_fractured_91,,,,,0
fractured_155,54,48,27,24,1
no_fractured_240,,,,,0
no_fractured_264,,,,,0
no_fractured_455,,,,,0
fractured_288,149,155,27,17,1
no_fractured_227,,,,,0
no_fractured_726,,,,,0
no_fractured_287,,,,,0
no_fractured_686,,,,,0
no_fractured_171,,,,,0
no_fractured_743,,,,,0
no_fractured_336,,,,,0
no_fractured_394,,,,,0
fractured_18,9,23,5,6,1
fractured_128,47,140,20,21,1
fractured_323,48,35,21,25,1
no_fractured_543,,,,,0
no_fractured_779,,,,,0
fractured_191,64,60,23,23,1
fractured_116,56,102,11,10,1
fractured_116,56,76,11,10,1
no_fractured_773,,,,,0
no_fractured_488,,,,,0
fractured_181,107,143,37,26,1
fractured_302,59,26,13,9,1
no_fractured_98,,,,,0
fractured_349,41,58,16,17,1
no_fractured_635,,,,,0
no_fractured_582,,,,,0
no_fractured_346,,,,,0
no_fractured_555,,,,,0
no_fractured_119,,,,,0
fractured_373,49,34,11,13,1
fractured_46,96,159,32,34,1
no_fractured_78,,,,,0
fractured_158,92,102,40,37,1
no_fractured_795,,,,,0
fractured_17,75,91,16,15,1
no_fractured_113,,,,,0
fractured_49,69,151,27,28,1
fractured_192,47,122,25,23,1
no_fractured_148,,,,,0
no_fractured_117,,,,,0
no_fractured_772,,,,,0
no_fractured_538,,,,,0
no_fractured_430,,,,,0
no_fractured_632,,,,,0
no_fractured_82,,,,,0
fractured_284,181,107,20,16,1
no_fractured_629,,,,,0
no_fractured_399,,,,,0
no_fractured_539,,,,,0
fractured_226,95,115,22,21,1
fractured_27,160,113,34,27,1
fractured_283,179,85,20,16,1
no_fractured_749,,,,,0
no_fractured_39,,,,,0
no_fractured_767,,,,,0
fractured_365,59,38,15,17,1
fractured_230,86,144,16,16,1
fractured_38,60,84,15,29,1
no_fractured_271,,,,,0
no_fractured_351,,,,,0
no_fractured_780,,,,,0
fractured_375,34,54,17,31,1
no_fractured_71,,,,,0
no_fractured_484,,,,,0
no_fractured_289,,,,,0
fractured_33,277,376,54,70,1
fractured_33,219,373,55,52,1
no_fractured_610,,,,,0
no_fractured_638,,,,,0
fractured_195,122,50,42,18,1
no_fractured_705,,,,,0
no_fractured_551,,,,,0
no_fractured_105,,,,,0
no_fractured_517,,,,,0
no_fractured_576,,,,,0
no_fractured_782,,,,,0
no_fractured_687,,,,,0
no_fractured_402,,,,,0
no_fractured_181,,,,,0
fractured_161,133,127,49,44,1
no_fractured_282,,,,,0
no_fractured_730,,,,,0
fractured_163,75,150,45,32,1
no_fractured_423,,,,,0
no_fractured_307,,,,,0
no_fractured_608,,,,,0
no_fractured_479,,,,,0
no_fractured_497,,,,,0
no_fractured_515,,,,,0
no_fractured_798,,,,,0
fractured_153,28,101,28,23,1
no_fractured_578,,,,,0
no_fractured_602,,,,,0
no_fractured_111,,,,,0
fractured_112,5,110,23,19,1
fractured_227,65,123,17,21,1
no_fractured_585,,,,,0
no_fractured_453,,,,,0
fractured_104,194,314,53,39,1
no_fractured_23,,,,,0
no_fractured_21,,,,,0
no_fractured_226,,,,,0
no_fractured_188,,,,,0
no_fractured_660,,,,,0
fractured_120,50,66,21,40,1
fractured_54,176,166,37,26,1
fractured_152,268,300,33,36,1
no_fractured_5,,,,,0
no_fractured_788,,,,,0
fractured_208,109,61,52,60,1
no_fractured_734,,,,,0
no_fractured_260,,,,,0
no_fractured_696,,,,,0
fractured_233,116,132,22,24,1
fractured_9,165,222,75,126,1
fractured_160,97,106,35,35,1
fractured_37,309,365,45,47,1
no_fractured_54,,,,,0
no_fractured_253,,,,,0
fractured_254,113,105,40,34,1
fractured_304,80,37,9,5,1
no_fractured_498,,,,,0
no_fractured_648,,,,,0
no_fractured_482,,,,,0
no_fractured_173,,,,,0
no_fractured_225,,,,,0
no_fractured_621,,,,,0
no_fractured_690,,,,,0
no_fractured_625,,,,,0
no_fractured_212,,,,,0
fractured_298,18,18,22,38,1
no_fractured_591,,,,,0
no_fractured_16,,,,,0
fractured_151,423,172,71,48,1
fractured_151,69,115,61,48,1
no_fractured_547,,,,,0
no_fractured_74,,,,,0
no_fractured_554,,,,,0
no_fractured_589,,,,,0
no_fractured_380,,,,,0
no_fractured_242,,,,,0
no_fractured_789,,,,,0
no_fractured_729,,,,,0
no_fractured_152,,,,,0
no_fractured_241,,,,,0
no_fractured_537,,,,,0
no_fractured_530,,,,,0
no_fractured_90,,,,,0
no_fractured_421,,,,,0
no_fractured_312,,,,,0
no_fractured_680,,,,,0
fractured_148,163,148,36,24,1
fractured_147,26,72,41,28,1
no_fractured_774,,,,,0
no_fractured_564,,,,,0
fractured_346,18,37,24,31,1
no_fractured_4,,,,,0
no_fractured_533,,,,,0
no_fractured_556,,,,,0
no_fractured_724,,,,,0
no_fractured_261,,,,,0
no_fractured_65,,,,,0
fractured_187,58,138,31,26,1
no_fractured_353,,,,,0
no_fractured_583,,,,,0
fractured_198,150,127,50,29,0
no_fractured_485,,,,,0
fractured_280,157,160,21,16,1
fractured_294,61,474,338,267,1
no_fractured_715,,,,,0
no_fractured_2,,,,,0
fractured_123,26,59,21,17,1
fractured_203,120,85,23,24,1
no_fractured_437,,,,,0
fractured_247,76,147,20,23,1
fractured_247,102,134,27,26,1
no_fractured_739,,,,,0
fractured_385,39,45,11,19,1
no_fractured_456,,,,,0
fractured_220,183,193,70,54,1
no_fractured_243,,,,,0
fractured_2,140,175,37,72,1
fractured_113,108,146,21,19,1
fractured_113,99,110,22,17,1
no_fractured_300,,,,,0
no_fractured_553,,,,,0
no_fractured_727,,,,,0
no_fractured_43,,,,,0
no_fractured_265,,,,,0
no_fractured_695,,,,,0
no_fractured_250,,,,,0
no_fractured_311,,,,,0
no_fractured_574,,,,,0
no_fractured_229,,,,,0
no_fractured_234,,,,,0
no_fractured_771,,,,,0
no_fractured_746,,,,,0
no_fractured_397,,,,,0
no_fractured_247,,,,,0
no_fractured_614,,,,,0
no_fractured_158,,,,,0
no_fractured_283,,,,,0
no_fractured_179,,,,,0
no_fractured_126,,,,,0
no_fractured_661,,,,,0
no_fractured_142,,,,,0
no_fractured_350,,,,,0
no_fractured_709,,,,,0
no_fractured_86,,,,,0
fractured_96,25,147,24,21,1
no_fractured_622,,,,,0
no_fractured_165,,,,,0
no_fractured_344,,,,,0
no_fractured_465,,,,,0
no_fractured_493,,,,,0
no_fractured_640,,,,,0
fractured_207,80,60,66,48,1
fractured_393,91,157,125,217,1
no_fractured_396,,,,,0
no_fractured_472,,,,,0
fractured_398,224,271,74,124,1
fractured_398,117,277,58,93,1
no_fractured_368,,,,,0
no_fractured_699,,,,,0
no_fractured_630,,,,,0
no_fractured_244,,,,,0
no_fractured_214,,,,,0
no_fractured_327,,,,,0
no_fractured_285,,,,,0
fractured_99,59,203,13,15,1
no_fractured_8,,,,,0
no_fractured_104,,,,,0
no_fractured_673,,,,,0
no_fractured_658,,,,,0
no_fractured_531,,,,,0
no_fractured_381,,,,,0
fractured_201,30,133,68,47,1
fractured_135,94,93,31,16,1
no_fractured_653,,,,,0
fractured_41,54,95,25,30,1
no_fractured_619,,,,,0
fractured_231,133,114,18,23,1
fractured_379,43,37,17,32,1
fractured_289,136,168,27,17,1
no_fractured_20,,,,,0
fractured_392,255,156,85,105,1
fractured_392,24,115,132,128,1
no_fractured_194,,,,,0
no_fractured_688,,,,,0
no_fractured_249,,,,,0
no_fractured_122,,,,,0
fractured_65,223,100,19,28,1
fractured_15,78,128,68,46,1
no_fractured_666,,,,,0
no_fractured_94,,,,,0
fractured_380,41,32,7,12,1
fractured_188,145,125,27,30,1
no_fractured_365,,,,,0
no_fractured_393,,,,,0
no_fractured_678,,,,,0
no_fractured_480,,,,,0
no_fractured_321,,,,,0
fractured_296,232,484,169,177,1
no_fractured_618,,,,,0
no_fractured_57,,,,,0
no_fractured_417,,,,,0
fractured_270,93,112,35,37,1
no_fractured_597,,,,,0
fractured_202,120,108,30,22,1
fractured_162,250,139,95,157,1
no_fractured_331,,,,,0
no_fractured_3,,,,,0
no_fractured_304,,,,,0
no_fractured_731,,,,,0
no_fractured_167,,,,,0
no_fractured_623,,,,,0
no_fractured_627,,,,,0
no_fractured_706,,,,,0
fractured_206,80,55,66,48,1
fractured_35,94,98,36,21,1
no_fractured_110,,,,,0
no_fractured_783,,,,,0
no_fractured_499,,,,,0
no_fractured_166,,,,,0
no_fractured_378,,,,,0
fractured_242,106,129,31,31,1
fractured_14,10,44,13,12,1
fractured_316,1115,1022,222,225,1
fractured_388,51,58,6,7,1
no_fractured_442,,,,,0
fractured_21,31,5,3,4,1
no_fractured_756,,,,,0
no_fractured_433,,,,,0
no_fractured_164,,,,,0
no_fractured_770,,,,,0
no_fractured_288,,,,,0
no_fractured_559,,,,,0
fractured_190,46,90,23,23,1
no_fractured_577,,,,,0
no_fractured_301,,,,,0
no_fractured_112,,,,,0
no_fractured_684,,,,,0
no_fractured_76,,,,,0
no_fractured_458,,,,,0
no_fractured_349,,,,,0
fractured_253,105,116,42,38,1
fractured_22,28,57,16,17,1
no_fractured_61,,,,,0
fractured_277,178,108,26,17,1
no_fractured_557,,,,,0
fractured_386,54,49,7,13,1
no_fractured_407,,,,,0
fractured_344,41,45,18,35,1
no_fractured_371,,,,,0
fractured_131,99,92,36,16,1
no_fractured_473,,,,,0
no_fractured_725,,,,,0
fractured_88,3,14,10,13,1
fractured_331,41,50,19,12,1
no_fractured_68,,,,,0
fractured_122,37,207,19,21,1
no_fractured_646,,,,,0
no_fractured_697,,,,,0
no_fractured_732,,,,,0
no_fractured_462,,,,,0
no_fractured_728,,,,,0
fractured_400,1512,1455,874,691,1
fractured_401,40,59,8,16,1
fractured_402,44,57,8,17,1
fractured_403,90,306,87,96,1
fractured_404,46,53,13,27,1
fractured_405,18,38,23,31,1
fractured_406,13,45,29,27,1
fractured_407,35,51,14,18,1
fractured_408,369,785,235,289,1
fractured_409,135,102,31,35,1
fractured_410,99,190,94,231,1
fractured_411,84,131,167,160,1
fractured_412,259,246,88,122,1
fractured_416,146,199,94,141,1
fractured_418,111,210,94,141,1
fractured_419,370,122,60,62,1
fractured_427,118,256,48,45,1
fractured_443,123,218,81,101,1
fractured_448,85,173,59,44,1
fractured_438,149,223,66,48,1
fractured_2422,118,234,88,78,1
fractured_2422,116,114,49,51,1
fractured_2454,153,185,34,37,1
fractured_2449,134,136,49,51,1
fractured_2456,134,169,33,41,1
fractured_2480,49,127,70,70,1
fractured_2483,107,133,50,52,1
fractured_2503,152,233,37,36,1
fractured_2508,145,116,41,39,1
